<?xml version="1.0" encoding="UTF-8"?>
<project-private xmlns="http://www.netbeans.org/ns/project-private/1">
    <editor-bookmarks xmlns="http://www.netbeans.org/ns/editor-bookmarks/2" lastBookmarkId="0"/>
    <open-files xmlns="http://www.netbeans.org/ns/projectui-open-files/2">
        <group>
            <file>file:/home/bwhaines/workspace/FinalAssigment/src/backend/Main.java</file>
            <file>file:/home/bwhaines/workspace/FinalAssigment/src/gui/MainWindow.java</file>
            <file>file:/home/bwhaines/workspace/FinalAssigment/src/gui/ScreenLoading.java</file>
            <file>file:/home/bwhaines/workspace/FinalAssigment/src/backend/InterfaceGuiLogic.java</file>
            <file>file:/home/bwhaines/workspace/FinalAssigment/src/gui/ScreenSummary.java</file>
        </group>
    </open-files>
</project-private>
